h3_cell,latitude,longitude,bairro_clean
8981839b5a7ffff,-8.121036653968254,-34.89726624920635,boa viagem
898183983dbffff,-8.04657256204015,-34.89674112134576,espinheiro
8981839a56fffff,-8.122318612867966,-34.94526666733307,ibura
8981838a4d7ffff,,,
898183812dbffff,,,
8981839865bffff,,,
89818398bbbffff,,,
8981838a2a7ffff,,,
8981839abc3ffff,,,
89818398cbbffff,-8.040737456157196,-34.952412635730504,várzea
89818398d0bffff,-8.0230686,-34.965853,várzea
8981839a183ffff,,,
8981839a073ffff,-8.115542576190474,-34.92414446666667,ipsep
8981839a60bffff,-8.130244934627118,-34.90294918556251,boa viagem
898183816cfffff,,,
89818398557ffff,-8.074361443879946,-34.92122478776458,mustardinha
8981839ae17ffff,-8.0869797,-34.9494306,jardim são paulo
8981838a0cbffff,,,
898183989dbffff,-8.011541451019362,-34.95832804682938,sítio dos pintos
89818398a53ffff,-8.002888811036849,-34.91735414258491,brejo de beberibe
8981838364fffff,-8.0326496,-34.9796832,várzea
8981838a513ffff,,,
89818398157ffff,-8.05039997948718,-34.92107980769231,cordeiro
8981838a063ffff,,,
89818399d0bffff,-8.0105676,-34.9021879,linha do tiro
8981839ac43ffff,,,
8981839a6a3ffff,-8.134480552616523,-34.91511764351046,boa viagem
8981838a50fffff,,,
8981839a257ffff,-8.110491529132013,-34.899332321184204,boa viagem
8981839a393ffff,-8.108475015223094,-34.931045408118955,ibura
89818399c1bffff,-8.027627905456411,-34.88163806546179,campo grande
89818398a93ffff,-8.013956111470986,-34.929183118989684,macaxeira
89818399d8bffff,-8.019991980992048,-34.9056805121067,bomba do hemetério
89818398a9bffff,-8.011296081881019,-34.92551860874676,nova descoberta
8981839aa73ffff,-8.055625824529303,-34.94357291509168,engenho do meio
89818398ecfffff,-8.028630457424175,-34.92114271269376,casa amarela
8981838348bffff,,,
898183813a3ffff,,,
8981838a417ffff,,,
89818398ea7ffff,,,
898183813b3ffff,,,
8981839a62fffff,-8.1218616,-34.9131805,imbiribeira
8981839a8a3ffff,,,
8981839a2cfffff,-8.113681855555555,-34.899529288888886,boa viagem
8981839a38fffff,-8.1024137,-34.9279421,caçote
8981839848fffff,-8.089949516783216,-34.9084301013986,imbiribeira
8981838a1abffff,,,
89818398523ffff,-8.06704005,-34.93232965,san martin
8981838a56bffff,,,
8981839851bffff,-8.074777320871899,-34.92275604773819,mangueira
8981839a34bffff,-8.0933841,-34.9166471,imbiribeira
8981839a08fffff,,,
8981839862bffff,-8.065233242518897,-34.88787882624418,coelhos
89818398c8bffff,-8.044147925,-34.94715625,várzea
898183991a3ffff,-8.039150194622486,-34.87347266426085,santo amaro
8981838a557ffff,,,
8981839a46fffff,,,
8981839a2afffff,-8.108100556699268,-34.91442605665639,imbiribeira
8981838a1c3ffff,,,
8981838138bffff,,,
89818398ad7ffff,-8.010467707265414,-34.92423144777458,nova descoberta
8981839a10fffff,,,
89818398d4fffff,,,
89818398d83ffff,,,
89818381067ffff,,,
8981839812fffff,-8.038647214332398,-34.931395576593815,iputinga
8981838127bffff,,,
8981839aa57ffff,-8.06162821,-34.94257517,engenho do meio
8981839ae6bffff,-8.074635013670147,-34.94262495950691,curado
8981839b16bffff,-8.086182566666666,-34.87997466666667,brasília teimosa
8981839b1bbffff,,,
8981838a3b3ffff,,,
8981839808bffff,-8.068824464273819,-34.90587390762696,afogados
898183984b3ffff,,,
8981839a473ffff,-8.140754300000001,-34.92362944,jordão
8981839a82fffff,,,
8981839a6abffff,-8.132956069117249,-34.91225952638721,boa viagem
89818399d27ffff,-8.005088770731009,-34.91566997787664,vasco da gama
89818399cb7ffff,-8.029537916014842,-34.89702013180913,rosarinho
898183834cfffff,,,
8981839888fffff,,,
8981839a56bffff,-8.1217053985192,-34.942405084341296,cohab
89818398337ffff,-8.032380892267337,-34.91471723694718,parnamirim
8981839a193ffff,-8.121061926432631,-34.95098104386198,ibura
8981839a3abffff,-8.097415201683342,-34.93130413614045,areias
89818398343ffff,-8.035783113043479,-34.89658137826087,rosarinho
898183980a7ffff,-8.0626004,-34.9186191,bongi
89818383653ffff,,,
898183985a7ffff,-8.073281551144758,-34.9377240959042,san martin
89818398c57ffff,-8.038306541629582,-34.94144417306914,iputinga
8981839804fffff,-8.055353393355801,-34.896263816870444,boa vista
89818398eabffff,,,
89818399c33ffff,-8.023352344943595,-34.89006628516864,arruda
89818398b43ffff,,,
8981838a1bbffff,,,
8981839a50fffff,-8.129592066433476,-34.947895075165945,ibura
8981839a94fffff,,,
89818398687ffff,-8.079627796755867,-34.89200786177406,cabanga
8981839a247ffff,,,
898183985cbffff,-8.0771756,-34.9186536,mangueira
89818399c4fffff,-8.021015197761022,-34.876264283268355,campo grande
8981839a363ffff,-8.08944395,-34.92526705,jiquiá
8981839ab63ffff,-8.0393948,-34.9649887,várzea
89818399883ffff,-8.009662556492293,-34.88866617073581,porto da madeira
8981839aa63ffff,-8.052847512917516,-34.945154589117024,engenho do meio
8981839ac77ffff,-8.0896544,-34.9681347,coqueiral
89818398e87ffff,-8.032899254914572,-34.93171794149873,iputinga
89818398e43ffff,-8.024100819766074,-34.91701559853641,casa amarela
8981838a543ffff,,,
8981839884fffff,-8.007610282038504,-34.937345073330846,córrego do jenipapo
8981839952fffff,-8.052120169594229,-34.87127037749836,bairro do recife
89818398b6fffff,,,
89818399c8fffff,-8.03031493915429,-34.88694588858649,hipódromo
898183980bbffff,-8.064387787794137,-34.91188205148439,prado
89818398c63ffff,-8.029957680830126,-34.94481230824035,caxangá
89818398cdbffff,-8.04551370690296,-34.93805827078861,iputinga
89818383483ffff,,,
89818398467ffff,-8.075802215780362,-34.90727677295922,afogados
8981838a463ffff,,,
89818399d4bffff,,,
8981838a04bffff,,,
89818398487ffff,-8.092766104813833,-34.91152609418068,imbiribeira
8981838a4a7ffff,,,
8981839a527ffff,-8.125157193573871,-34.957274742909554,cohab
89818398143ffff,-8.047399318846242,-34.91839812785661,cordeiro
8981839a697ffff,-8.143391312716354,-34.91193058070041,boa viagem
8981838116fffff,,,
89818398107ffff,-8.047168909523808,-34.928755457142856,cordeiro
89818398b0bffff,,,
8981838a6a3ffff,,,
89818398b57ffff,-7.9911134,-34.9394517,guabiraba
8981839a873ffff,,,
8981839a25bffff,-8.109691350855552,-34.89397177913918,boa viagem
8981839a1b3ffff,-8.1141439,-34.955932125000004,cohab
8981839aa3bffff,-8.056119727056679,-34.94952038182239,cidade universitária
898183991d7ffff,,,
8981839ab03ffff,,,
8981838a147ffff,,,
8981839a01bffff,,,
89818398e97ffff,-8.034906590645258,-34.93133947150674,iputinga
8981839acc3ffff,,,
8981838a567ffff,-7.957179947362144,-34.94545422336588,guabiraba
89818398803ffff,,,
8981839a06bffff,-8.111249897747486,-34.92099600421256,ipsep
8981839aa03ffff,-8.06057530366254,-34.94652826026442,engenho do meio
8981838a053ffff,,,
89818065933ffff,,,
8981839ab37ffff,,,
89818398eafffff,,,
8981839ab5bffff,-8.049583260349047,-34.95597320071676,várzea
8981839a06fffff,-8.108557810709966,-34.92450305682377,ipsep
8981839844fffff,-8.079493094923164,-34.8972230182842,cabanga
8981838a587ffff,,,
89818398957ffff,,,
89818398633ffff,-8.0707098,-34.8921636,joana bezerra
89818398173ffff,-8.044647590695066,-34.92243059554598,cordeiro
8981839aacfffff,-8.06434113288922,-34.94109122635606,torrões
898183812d3ffff,,,
898183982a3ffff,-8.0511663301549,-34.89349961218275,boa vista
89818398427ffff,-8.076218873529413,-34.913952611764714,afogados
8981839b16fffff,-8.08594868209399,-34.88294865338612,brasília teimosa
89818398643ffff,-8.0712954,-34.8770442,são josé
898183984a3ffff,,,
8981838128fffff,,,
89818399dd3ffff,-8.023541295355216,-34.898421039716034,bomba do hemetério
898183816cbffff,,,
8981838a08fffff,,,
89818398d57ffff,-8.025898910567914,-34.961493074719264,caxangá
89818398d13ffff,,,
898183812b7ffff,,,
89818398153ffff,-8.052035648874973,-34.91755193443239,zumbi
8981839a51bffff,-8.134580142094112,-34.94460576301313,jordão
8981839ab8bffff,,,
8981839989bffff,-8.01133248,-34.88405053,cajueiro
8981838a55bffff,,,
89818399dcfffff,-8.017634430218473,-34.899334991503,água fria
8981838a56fffff,,,
8981839a0a7ffff,-8.120224631309874,-34.938779395901456,ibura
898183986c7ffff,,,
8981839864bffff,,,
89818398597ffff,-8.083431718971926,-34.93258079405038,estância
8981839a017ffff,,,
898183984dbffff,,,
8981839b1afffff,-8.09575474846205,-34.89513500446979,pina
8981839918bffff,,,
8981838a18fffff,,,
898183999a7ffff,-7.990579714606771,-34.916263772930414,dois unidos
8981839a063ffff,-8.11309929613023,-34.924107863399165,ipsep
8981839a24bffff,,,
898183836cbffff,,,
89818399993ffff,-8.00239293660901,-34.90797061344002,dois unidos
898183983c3ffff,-8.044243523380324,-34.90025872325682,graças
8981838a297ffff,,,
89818399c63ffff,-8.016665252546789,-34.88229472755547,campina do barreto
89818398267ffff,-8.039617091910944,-34.88414766449608,torreão
8981839a003ffff,,,
89818398863ffff,,,
89818398aa7ffff,-8.001255974765701,-34.93690606994127,nova descoberta
8981838a40bffff,,,
8981838364bffff,,,
8981839a0cbffff,,,
8981839840bffff,-8.08328239912998,-34.90397331673518,afogados
89818399dbbffff,-8.017914904929988,-34.91147336098188,alto josé bonifácio
898183981d7ffff,-8.058084783333333,-34.924269583333334,cordeiro
89818381163ffff,,,
8981838a4c7ffff,,,
8981839a90fffff,,,
8981839b18bffff,-8.103191091043662,-34.88646797830418,boa viagem
89818398507ffff,-8.0714241954592,-34.9288666886043,san martin
8981839b1abffff,-8.0975032,-34.8897635,pina
8981838117bffff,,,
89818399d2fffff,-8.002603618639535,-34.91132149945865,dois unidos
8981839a0d7ffff,,,
89818398813ffff,-8.01563253345282,-34.94718404967374,dois irmãos
8981839a66fffff,-8.121086899049716,-34.90315427121574,boa viagem
898183988bbffff,-8.017383131312705,-34.95234574642527,sítio dos pintos
8981839a037ffff,-8.115381221020053,-34.935555468785175,ibura
89818398167ffff,,,
8981838a427ffff,,,
89818398e27ffff,,,
8981839a8cfffff,,,
8981839a2d7ffff,-8.116943957531326,-34.90260978173129,boa viagem
8981839a903ffff,,,
8981838a113ffff,,,
898183985a3ffff,,,
89818399cbbffff,-8.029264243071061,-34.891262508662486,ponto de parada
8981839b1a3ffff,,,
89818399c07ffff,-8.024324866666666,-34.887837,arruda
898183982dbffff,,,
8981839ab87ffff,,,
8981838a6b3ffff,,,
8981839aa7bffff,-8.054389752433899,-34.94155382719,engenho do meio
8981838107bffff,,,
8981839ab4fffff,-8.044471957142857,-34.95902802380952,várzea
8981839a103ffff,,,
89818398d43ffff,-8.025585240166,-34.958764649382,caxangá
8981839a3b3ffff,,,
8981839a2c7ffff,-8.114561122983046,-34.90260490629791,boa viagem
89818398b4fffff,,,
8981839a85bffff,-8.0720262,-34.9574046,curado
898183991abffff,-8.037475084210527,-34.8710334,santo amaro
8981839868fffff,,,
89818398edbffff,-8.034031423677883,-34.91780117340891,casa forte
898183985d3ffff,-8.082318123933502,-34.92054771919702,afogados
8981839918fffff,,,
898183982cbffff,-8.053489355555556,-34.876211999999995,santo amaro
89818398d6bffff,,,
89818398a63ffff,,,
8981839aac3ffff,,,
8981838a067ffff,,,
8981839a02bffff,,,
89818381223ffff,,,
89818383643ffff,-8.035349215559815,-34.9802320444207,várzea
8981838a02bffff,,,
89818381287ffff,,,
89818398857ffff,-8.0136067,-34.9391746,dois irmãos
8981839839bffff,-8.048589555299895,-34.90569984553241,madalena
898183812cbffff,,,
89818398637ffff,-8.067301050000001,-34.893627925000004,ilha do leite
898183989c3ffff,,,
8981839aa67ffff,-8.052247679862656,-34.948044461512374,cidade universitária
8981838a183ffff,,,
898183988d7ffff,-8.023487404981712,-34.9433207014856,dois irmãos
8981839a503ffff,-8.132769171686443,-34.94869455023959,ibura
8981839881bffff,-8.0160215,-34.94351230909091,dois irmãos
8981839a353ffff,-8.097689895176437,-34.91905696585452,imbiribeira
8981839a2cbffff,-8.11480372443724,-34.896693049751065,boa viagem
8981838122fffff,,,
8981839a13bffff,,,
8981839a293ffff,-8.120964352402456,-34.90748564709996,boa viagem
89818399ddbffff,-8.022800508719468,-34.89678603032888,água fria
8981838a0d7ffff,-7.9639101,-34.9236121,guabiraba
89818398a8fffff,-8.007120528571429,-34.92957177142857,macaxeira
8981838a3d3ffff,,,
8981839831bffff,-8.038433225129307,-34.90278846901464,graças
8981838a00bffff,,,
8981839a1d3ffff,-8.118525460635684,-34.94182936350097,ibura
8981838348fffff,,,
8981839847bffff,-8.077927553237634,-34.899671892448545,cabanga
89818398403ffff,-8.0854369085646,-34.907150638699065,imbiribeira
89818399ca3ffff,-8.027289680346966,-34.893805858834384,arruda
89818399197ffff,-8.0493957,-34.8701559,bairro do recife
8981838a437ffff,,,
89818398883ffff,,,
8981839a8dbffff,,,
8981839ae57ffff,-8.0851317,-34.9424541,jardim são paulo
89818398033ffff,-8.058466943918617,-34.91134718626828,prado
8981839aa93ffff,,,
8981839ab2bffff,,,
8981839a1bbffff,-8.112404775743924,-34.95384546579788,cohab
8981838a0b7ffff,,,
898183983a3ffff,-8.038920565218735,-34.915042969720666,santana
89818398b8bffff,,,
89818399d6bffff,-8.004144060687159,-34.89896574344685,beberibe
89818398dbbffff,,,
8981839ab6bffff,,,
89818381217ffff,,,
898183816dbffff,,,
89818398d03ffff,,,
89818381057ffff,,,
8981839a0abffff,-8.12238395887263,-34.932710116996255,ibura
8981839ae0bffff,-8.08337293805598,-34.94384751579987,jardim são paulo
8981839a333ffff,-8.094444272729564,-34.93378751557542,areias
89818398d87ffff,-8.032703873388375,-34.97449941099796,várzea
89818398a6fffff,,,
8981839ae23ffff,,,
89818398e37ffff,-8.020696632364897,-34.935800581219105,apipucos
8981839919bffff,,,
8981839ab17ffff,,,
8981839ae47ffff,-8.080609185066567,-34.940859916654624,jardim são paulo
8981839a8c3ffff,,,
8981839a14fffff,,,
8981839a543ffff,-8.130894005153465,-34.93882832680981,jordão
8981838a167ffff,,,
8981839895bffff,,,
8981839a05bffff,-8.121489961589322,-34.914515230754546,imbiribeira
8981839a163ffff,,,
8981838a487ffff,,,
89818398437ffff,-8.080297167623323,-34.915132634055006,afogados
8981839a10bffff,,,
89818399cc7ffff,-8.031797066722742,-34.88127857523322,campo grande
8981839a9cbffff,,,
89818398333ffff,-8.034558030499136,-34.911416783655675,parnamirim
8981838a02fffff,,,
8981839acdbffff,,,
8981838a1d7ffff,,,
898183983d3ffff,-8.047111526779926,-34.89939706146204,graças
89818398477ffff,-8.077910835734288,-34.90603014435918,afogados
8981838a023ffff,,,
89818398a57ffff,-8.0030392,-34.9203031,vasco da gama
8981839ad6fffff,,,
8981838a143ffff,,,
8981839a827ffff,,,
89818398697ffff,,,
898183912cbffff,-8.1253282,-34.9602688,cohab
89818399c27ffff,-8.018240114095518,-34.89297627548057,água fria
89818399d37ffff,-8.0101952,-34.9132171,alto josé bonifácio
8981806592fffff,-8.1478203,-34.9117083,boa viagem
898183982d3ffff,-8.059944833484781,-34.88013389373804,boa vista
8981839a3c7ffff,-8.1031758075283,-34.92478064278062,ipsep
8981838a06fffff,,,
89818381077ffff,,,
8981839a2b3ffff,-8.115387950238148,-34.914238030787686,imbiribeira
8981838124bffff,,,
89818398e47ffff,-8.021383822816476,-34.92026843168033,casa amarela
8981838102fffff,,,
89818399c43ffff,-8.024725556707857,-34.87561590533978,campo grande
8981839816fffff,-8.036614695397741,-34.92393317314032,poço da panela
8981839aaafffff,,,
8981839863bffff,-8.068454037770458,-34.888239291104966,coelhos
8981839a0bbffff,,,
8981839a327ffff,-8.08920926786232,-34.93585077554748,areias
8981839aa1bffff,-8.0635118,-34.9429655,engenho do meio
89818398e8fffff,-8.030817622385,-34.930863784006,iputinga
8981839825bffff,-8.0497496,-34.87425774,santo amaro
898183813dbffff,,,
89818398897ffff,,,
89818398163ffff,,,
8981839a6c7ffff,-8.137865556628467,-34.90356209345948,boa viagem
8981839a24fffff,,,
89818398c73ffff,-8.032893793236504,-34.943205568716934,iputinga
8981839a803ffff,,,
8981839a023ffff,-8.113190679999999,-34.93235276,ibura
8981838121bffff,,,
89818398bdbffff,-7.9986204,-34.938773575,córrego do jenipapo
89818398b07ffff,,,
8981838a017ffff,,,
898183980cfffff,-8.065856665899746,-34.90112638349958,ilha do retiro
89818381667ffff,,,
8981839aa2bffff,,,
89818398c27ffff,-8.02975408374263,-34.95623453684284,caxangá
8981839a21bffff,-8.111113557535544,-34.90463101262597,imbiribeira
8981839a80bffff,,,
89818398363ffff,-8.029072102457336,-34.902559814660535,tamarineira
8981838a637ffff,,,
8981839ab27ffff,,,
8981839b5afffff,-8.119111799814622,-34.89535387476272,boa viagem
89818398a13ffff,,,
89818399d7bffff,-8.005608241078352,-34.90015486861498,linha do tiro
8981838a05bffff,,,
8981838138fffff,,,
8981839a427ffff,-8.13605597777778,-34.93651672222222,jordão
898183985c3ffff,-8.080930203276624,-34.92023775481276,afogados
8981839ae7bffff,-8.07992668639829,-34.94208130139664,jardim são paulo
8981839817bffff,,,
89818381343ffff,,,
8981839ac67ffff,-8.087690484495278,-34.96832230351512,coqueiral
8981839b197ffff,-8.108356377986174,-34.891331506089976,boa viagem
89818399c13ffff,-8.02935814,-34.88435134,campo grande
89818398cafffff,-8.036419075,-34.9561608,várzea
8981839a40fffff,-8.140637628333334,-34.928412475,jordão
8981839b107ffff,-8.095626385414178,-34.88714000117627,pina
8981838a1cbffff,,,
89818398c47ffff,-8.034232259471475,-34.9405803443475,iputinga
8981838a123ffff,,,
8981839ababffff,,,
89818383693ffff,,,
8981839a447ffff,-8.140781555627827,-34.92107749740595,jordão
8981838a5abffff,,,
8981839824fffff,-8.043674305784416,-34.876179883270446,santo amaro
89818398137ffff,-8.043551901945753,-34.93518781768199,iputinga
8981839827bffff,-8.042344524014446,-34.878447273841815,santo amaro
8981839b187ffff,-8.1046741,-34.8899181,boa viagem
8981839a863ffff,,,
89818398233ffff,-8.045445096899007,-34.89004206519318,espinheiro
89818398bcbffff,-7.993892633358424,-34.937466229867255,guabiraba
8981839b10fffff,-8.094451628629882,-34.885059092606035,pina
8981838a483ffff,,,
8981838129bffff,,,
89818398a03ffff,-8.0009767,-34.9245848,nova descoberta
8981839a1afffff,-8.107353759707694,-34.95693660561176,barro
898183998b7ffff,-8.004969400633835,-34.895437228210824,beberibe
8981839ae97ffff,,,
89818398c37ffff,-8.031143940106114,-34.95623538866012,várzea
89818398e07ffff,-8.024041798734002,-34.92916076060062,alto do mandu
8981806592bffff,,,
8981839b12bffff,-8.087721478347044,-34.887853517234966,pina
89818398a37ffff,,,
8981838a187ffff,,,
8981839849bffff,,,
89818398613ffff,-8.07573352369014,-34.88642937793575,são josé
8981838a6afffff,,,
89818399c17ffff,-8.028111698897776,-34.88881305254398,campo grande
8981839ab2fffff,,,
8981839988fffff,-8.0069209,-34.8885868,beberibe
89818398453ffff,-8.086929154262153,-34.896105952115605,pina
8981839a043ffff,-8.119197909812396,-34.91803645978823,imbiribeira
8981839aa8bffff,,,
8981838a40fffff,-7.9741494,-34.9265044,guabiraba
89818398b87ffff,,,
89818398273ffff,-8.044769480849956,-34.882478301639466,santo amaro
8981839a067ffff,-8.11179271607143,-34.926340158928575,ipsep
8981838a467ffff,,,
89818398077ffff,-8.054596785510833,-34.90670653742065,madalena
8981838a5cfffff,,,
89818381337ffff,,,
8981838a493ffff,-7.989077925,-34.929985275,brejo da guabiraba
89818398cd3ffff,-8.04753602198767,-34.94100828542841,iputinga
8981839a62bffff,-8.12428821190476,-34.90811635,boa viagem
8981839a86fffff,,,
8981838a39bffff,,,
89818398217ffff,-8.05043854918423,-34.8880371572129,santo amaro
89818398043ffff,-8.060444939888162,-34.896543581603,paissandu
89818398ba7ffff,,,
89818398533ffff,-8.070025906666666,-34.93135208,san martin
89818399c03ffff,-8.025509690228347,-34.88453091229122,campo grande
8981839a9c3ffff,,,
8981839802fffff,-8.051058620135713,-34.91108443683978,madalena
8981839a817ffff,,,
89818398dd7ffff,,,
8981839897bffff,,,
89818398623ffff,-8.067109413535357,-34.89052695396944,coelhos
8981838a423ffff,,,
8981839ae4fffff,-8.07989141657725,-34.93845499874394,jardim são paulo
8981839a1c7ffff,-8.1136004,-34.9438504,ibura
8981839805bffff,-8.060794000334564,-34.89363019577189,boa vista
8981838a103ffff,,,
8981839a3bbffff,-8.101048468989475,-34.93294776921628,caçote
8981839ac6bffff,-8.087433709086126,-34.96305670363689,tejipió
8981838a5d7ffff,,,
898183986cfffff,,,
8981839b173ffff,-8.092017004,-34.883049539999995,pina
8981839a347ffff,,,
8981839886bffff,,,
89818381327ffff,,,
898183985b7ffff,-8.075748,-34.9372526,jardim são paulo
89818398023ffff,-8.05518077227957,-34.91192884073384,madalena
8981839a31bffff,-8.0988662,-34.9248682,areias
8981839a3cfffff,,,
8981839b527ffff,-8.112488553239196,-34.89446799034315,boa viagem
898183980a3ffff,-8.06386077044966,-34.91371505841688,bongi
89818398d8fffff,,,
8981838a10fffff,,,
898183982abffff,-8.04927267129836,-34.89049627046257,boa vista
8981839804bffff,-8.058197681303477,-34.894159878770324,boa vista
8981839a157ffff,-8.110028445624039,-34.94141278493442,ibura
8981839ae2bffff,-8.078135064114008,-34.95064231521708,jardim são paulo
89818398ca7ffff,,,
898183988a7ffff,-8.014951483647982,-34.9583239843993,dois irmãos
898183811c3ffff,,,
8981839812bffff,-8.039759482027156,-34.92914345355873,iputinga
8981838124fffff,,,
8981839a36bffff,,,
8981839a9d3ffff,-8.072154482751031,-34.98186222770337,curado
8981839a35bffff,-8.0975402875,-34.914189587500005,imbiribeira
8981839a283ffff,-8.11795927688105,-34.90883250074635,imbiribeira
89818398e73ffff,-8.02057520715047,-34.92268025788275,casa amarela
89818399183ffff,,,
8981838a14fffff,,,
8981838a433ffff,,,
8981839834fffff,-8.032813169606014,-34.89728301930407,rosarinho
8981839a2b7ffff,-8.113025762933976,-34.91775542247487,ipsep
89818399117ffff,,,
89818398327ffff,-8.029058217127604,-34.91440867364315,casa amarela
8981839a0c7ffff,,,
8981839b123ffff,-8.091146788779266,-34.8923895125603,pina
89818383697ffff,,,
89818398b2fffff,,,
8981838a03bffff,,,
8981839896bffff,,,
8981839829bffff,-8.059863032189275,-34.885393147830634,boa vista
8981839b1a7ffff,,,
89818398ccfffff,-8.040688713931658,-34.941409990700144,iputinga
8981839814fffff,-8.045134344409245,-34.91679205518141,torre
8981839a2bbffff,-8.113431602672579,-34.91283294636048,imbiribeira
898183982c3ffff,-8.057108142129447,-34.879364473940456,santo amaro
8981839aab3ffff,,,
8981839aa23ffff,-8.0550300085209,-34.95229185136061,cidade universitária
8981838a383ffff,,,
89818398bd7ffff,,,
898183981a3ffff,-8.050875384385375,-34.93511275366833,cordeiro
8981839841bffff,,,
8981839885bffff,,,
8981839ab67ffff,-8.038673730166499,-34.967440226793535,várzea
8981838368fffff,,,
89818399d03ffff,-8.013312257119683,-34.90525889387241,alto santa teresinha
8981839a98fffff,,,
89818398c4bffff,-8.034370624508512,-34.93641187497971,iputinga
8981839125bffff,,,
8981839810fffff,-8.046544597137137,-34.927339697207344,cordeiro
8981839abb3ffff,,,
8981838a2b7ffff,,,
89818398ad3ffff,-8.0130829,-34.9197774,vasco da gama
8981839abafffff,,,
89818398bcfffff,,,
8981838345bffff,,,
89818398067ffff,-8.051452400960793,-34.90557321487991,madalena
89818398e23ffff,-8.020155637200242,-34.932813101156086,apipucos
8981838105bffff,,,
89818398a4fffff,-7.997241183333333,-34.91622128333333,dois unidos
8981839ae73ffff,-8.080613464754208,-34.94472608888765,jardim são paulo
898183813a7ffff,,,
8981839a627ffff,-8.124864742664743,-34.91455126140102,imbiribeira
8981838a447ffff,,,
89818399c77ffff,-8.017977526245769,-34.88425988610526,campina do barreto
89818398c2fffff,,,
898183980c7ffff,-8.066621887052147,-34.901427025045685,joana bezerra
898183812a7ffff,,,
898183836dbffff,,,
89818398a27ffff,-7.992080766839228,-34.935477846782106,guabiraba
89818399d43ffff,-8.012175880171723,-34.895332059883735,água fria
89818398827ffff,,,
8981838a157ffff,,,
89818381333ffff,,,
898183980afffff,-8.0581374,-34.9144265,prado
89818398e33ffff,-8.021573946666667,-34.932491325,apipucos
8981839aaa3ffff,,,
89818398b3bffff,,,
8981839a16bffff,,,
8981839a97bffff,,,
8981838a453ffff,-7.980418985124058,-34.917485905031235,passarinho
8981839835bffff,-8.037678924135756,-34.89360546030276,encruzilhada
8981838a18bffff,,,
8981838a48bffff,-7.985233128757368,-34.926982955173955,passarinho
8981839aa6fffff,-8.050141966818218,-34.94446935047714,cidade universitária
89818381247ffff,,,
898183984abffff,,,
898183983b3ffff,-8.044285419567307,-34.91512614950567,torre
8981838167bffff,,,
89818398c03ffff,-8.037640221529125,-34.94526599098102,iputinga
8981839a977ffff,,,
898183813b7ffff,,,
89818399c9bffff,-8.03590188709611,-34.88361743171592,campo grande
89818398317ffff,-8.038984619958143,-34.90893119645702,torre
8981839a663ffff,-8.123888635586736,-34.90324067595714,boa viagem
89818399dabffff,-8.013071450485507,-34.9111134193182,alto josé bonifácio
898183980dbffff,-8.070445939985305,-34.896416624099004,joana bezerra
898183813cbffff,,,
898183980d7ffff,,,
89818398423ffff,-8.079735588614284,-34.91125040045599,afogados
89818398ec7ffff,-8.031042664451256,-34.92421747521276,poço da panela
8981838a45bffff,-7.9783402,-34.9153983,passarinho
8981839a563ffff,-8.1246945,-34.9456618,cohab
8981839abb7ffff,,,
8981839a12bffff,,,
8981839a933ffff,,,
89818398c77ffff,,,
898183995bbffff,,,
8981839ab97ffff,,,
89818398e77ffff,-8.019320110250405,-34.926400747021425,nova descoberta
8981839864fffff,-8.067865551785426,-34.876400377060385,santo antônio
898183813c3ffff,,,
8981839a253ffff,-8.111437755127524,-34.897192770469125,boa viagem
89818398037ffff,-8.055940676473934,-34.91417181065117,prado
89818381233ffff,,,
8981838a563ffff,,,
8981839a12fffff,,,
89818398a5bffff,-8.00315979849243,-34.9139414769677,dois unidos
898183983a7ffff,-8.038128777690066,-34.91680917123368,casa forte
8981839820bffff,-8.04813496782294,-34.88207208127648,santo amaro
8981839a573ffff,-8.12777587417469,-34.94643455880749,ibura
89818398443ffff,,,
898183995afffff,-8.0598337,-34.87259821666667,bairro do recife
8981839836fffff,-8.026242354479539,-34.90309940296271,rosarinho
8981838a42fffff,-7.9686051,-34.9315277,guabiraba
8981839aad7ffff,,,
89818398087ffff,-8.067956503275015,-34.91170221474845,afogados
89818399c3bffff,-8.020573577847331,-34.88682072057735,arruda
89818399567ffff,,,
8981839b163ffff,-8.089169321080258,-34.883437488829486,pina
8981839857bffff,-8.065159853978322,-34.92023299562952,bongi
898183981c3ffff,-8.055388283682259,-34.920185374695336,cordeiro
89818398847ffff,,,
8981839882fffff,-8.00447380280242,-34.95245407460549,dois irmãos
898183985cfffff,-8.0767201,-34.920696320000005,mangueira
898183834c7ffff,,,
898183986b7ffff,-8.076927395711289,-34.897118569009805,ilha joana bezerra
8981838a133ffff,,,
8981839a8cbffff,,,
8981838165bffff,,,
8981839a69bffff,-8.142986376497348,-34.90706359166049,boa viagem
8981838120fffff,,,
8981839a667ffff,-8.123012903472642,-34.906649159325035,boa viagem
89818398c1bffff,-8.039492556379145,-34.94400371754111,várzea
89818398947ffff,,,
8981839a263ffff,,,
89818399c93ffff,-8.038150263280192,-34.88825118125775,encruzilhada
8981838a117ffff,,,
8981839a26fffff,,,
89818398123ffff,-8.04321678,-34.93308192,iputinga
8981839889bffff,,,
8981839a943ffff,,,
8981839842bffff,-8.077395483805116,-34.908523964169696,afogados
898183986bbffff,-8.075561361111111,-34.89100429444445,são josé
8981839a5bbffff,-8.13574372372559,-34.95421447226492,ibura
898183981abffff,-8.049306699478407,-34.931898791590626,cordeiro
89818398acbffff,-8.007345647705364,-34.91669540397545,vasco da gama
8981839b1b3ffff,,,
89818399d33ffff,-8.0099481,-34.9114624,alto josé bonifácio
89818398833ffff,-8.0104982,-34.9535399,sítio dos pintos
89818399c2bffff,-8.017106270873343,-34.88695610694669,fundão
8981838a43bffff,,,
8981838a503ffff,,,
8981839b137ffff,,,
8981838a237ffff,,,
8981839a88bffff,-8.080770190650851,-34.96774676914631,totó
8981839819bffff,-8.060426763010733,-34.92618369070546,cordeiro
89818398b7bffff,,,
8981839a507ffff,,,
8981838a593ffff,,,
89818398053ffff,-8.06379888472248,-34.89657160519993,ilha do leite
8981838a093ffff,,,
8981839869bffff,-8.08414385,-34.88454505,pina
898183813bbffff,,,
898183812b3ffff,,,
898183988dbffff,-8.020858350000001,-34.9374776,apipucos
89818398c97ffff,,,
89818398c43ffff,-8.035594822441695,-34.93860798609789,iputinga
8981838a0abffff,,,
89818383657ffff,-8.038047427739231,-34.98187758769613,várzea
8981839accbffff,,,
8981838a527ffff,,,
898183812a3ffff,,,
89818398817ffff,,,
8981839a38bffff,-8.104397337195367,-34.92716142720021,ipsep
89818381303ffff,,,
8981839813bffff,-8.045313535903974,-34.9304484290974,cordeiro
898183980c3ffff,-8.06872878930899,-34.89980244391931,joana bezerra
8981839a173ffff,,,
8981839aa87ffff,,,
89818398eb3ffff,-8.0300256,-34.9354388,iputinga
8981839ae13ffff,-8.087622895201477,-34.946966251176235,barro
8981839a8abffff,,,
8981839a16fffff,-8.096769129389083,-34.943321403975794,barro
89818398c87ffff,,,
89818381143ffff,,,
89818399897ffff,-8.013184228746535,-34.88931280418442,fundão
8981838a48fffff,-7.9825089,-34.9271904,passarinho
89818399997ffff,-8.0010453,-34.9096675,dois unidos
8981838a50bffff,,,
8981839a1dbffff,-8.117628255023362,-34.93926384814324,ibura
898183836d7ffff,,,
8981839aadbffff,-8.0705146,-34.938173,san martin
89818398ecbffff,-8.030717115986121,-34.917177862599495,casa amarela
8981839b52fffff,-8.11067595278461,-34.89260385090436,boa viagem
8981839a577ffff,-8.126395891634207,-34.94754911841908,ibura
8981839a467ffff,,,
8981839ae67ffff,-8.075362030681534,-34.946597619863695,curado
8981838a5dbffff,,,
8981838a16fffff,,,
8981839b193ffff,-8.109491063157895,-34.889519078947366,boa viagem
8981838162bffff,,,
8981838a003ffff,,,
8981838126bffff,,,
8981839aa0fffff,-8.05942105,-34.9469452,curado
8981839815bffff,-8.048731700191182,-34.91507122953006,torre
8981838115bffff,,,
898183812abffff,,,
8981839a213ffff,-8.11225322758341,-34.90564693001935,imbiribeira
8981839832fffff,-8.027276936363636,-34.911363203030305,casa amarela
8981839a397ffff,-8.10802552,-34.93202798,ibura
89818381307ffff,,,
8981839880fffff,,,
89818381293ffff,,,
89818381653ffff,,,
8981839a30fffff,-8.092449657142856,-34.92674701428571,areias
8981839a553ffff,-8.133764144707976,-34.93915183223722,jordão
89818398183ffff,-8.058718917454245,-34.93025464339922,cordeiro
89818381227ffff,,,
8981839a913ffff,,,
89818399dafffff,,,
8981839a03bffff,-8.115945542258352,-34.92953375987841,ibura
8981838a507ffff,,,
898183812c3ffff,,,
8981839a0a3ffff,-8.122285476726718,-34.93574498529502,ibura
8981839808fffff,-8.0671173445846,-34.90909720049279,afogados
8981839aecfffff,-8.0878269,-34.9406195,barro
8981839a683ffff,-8.142135004081632,-34.909628402040816,boa viagem
89818399d47ffff,-8.011583,-34.8982778,água fria
8981839ae87ffff,-8.090445455896054,-34.95354798323012,tejipió
8981839a89bffff,-8.083398254594865,-34.969093211498006,coqueiral
8981839a927ffff,,,
8981838a403ffff,,,
8981839a867ffff,,,
89818399db7ffff,-8.017331400153806,-34.917762632785816,vasco da gama
8981838a08bffff,,,
8981838a443ffff,,,
89818381037ffff,,,
89818399d57ffff,,,
8981839a923ffff,,,
8981839aba3ffff,,,
8981839a84fffff,,,
8981839a39bffff,-8.10731030878337,-34.92668621494355,ipsep
89818398237ffff,-8.044549473771907,-34.89367933474517,espinheiro
8981839ae43ffff,-8.083079608282448,-34.93879559659709,jardim são paulo
89818398193ffff,-8.061379053828723,-34.929890079348766,san martin
898183988abffff,-8.015039037963064,-34.95190222553387,dois irmãos
8981838ae93ffff,,,
8981838a4dbffff,-7.987149642594874,-34.91692313165149,dois unidos
8981839a00fffff,,,
8981839894bffff,,,
8981838acdbffff,,,
8981839a177ffff,,,
8981839a953ffff,,,
89818398e13ffff,-8.029424539999999,-34.925978486666665,casa forte
89818381ec3ffff,,,
8981838a1b3ffff,,,
8981839a9c7ffff,,,
89818398bd3ffff,,,
8981839837bffff,-8.031208499876989,-34.89888724665062,rosarinho
89818398b5bffff,,,
89818398483ffff,-8.094579079084417,-34.90947675192095,imbiribeira
8981839a1cfffff,-8.112086268641503,-34.9418075205106,ibura
8981839a367ffff,-8.08700530125061,-34.92734143248391,estância
8981839a317ffff,-8.098668986824,-34.930410301023336,areias
8981839a853ffff,,,
8981839a087ffff,-8.128790211098043,-34.933999953777004,jordão
89818398dd3ffff,-8.0364143,-34.9622783,várzea
8981839824bffff,,,
89818391243ffff,-8.1176759,-34.9591674,cohab
89818398223ffff,-8.04333934743255,-34.890892295985715,espinheiro
8981839a3c3ffff,-8.10536121055039,-34.92014779830371,ipsep
8981839a80fffff,,,
89818398dc3ffff,-8.0330289,-34.9607374,várzea
89818381ecbffff,,,
89818399d5bffff,-8.01483468689738,-34.89347162515333,fundão
89818398a97ffff,-8.01275685512726,-34.93203733260477,macaxeira
8981838a52fffff,,,
8981839a187ffff,-8.115436302357372,-34.954298317199495,cohab
8981839ae4bffff,-8.081193506378314,-34.93605436814739,jardim são paulo
898183980d3ffff,-8.07102169486446,-34.8989276717977,joana bezerra
8981839abdbffff,-8.057479427171543,-34.957727639765075,cidade universitária
898183998d7ffff,-8.010969348393065,-34.882756034161375,cajueiro
898183995b7ffff,-8.06590344001638,-34.876863986557474,santo antônio
89818398ec3ffff,-8.033448622007688,-34.92023067610618,casa forte
8981839a513ffff,,,
8981839a973ffff,,,
89818399c2fffff,-8.015891593550334,-34.8900725279655,fundão
8981838a197ffff,,,
898183812d7ffff,,,
8981838100fffff,,,
89818398e2fffff,-8.01430225,-34.93128966,macaxeira
8981838a0c7ffff,,,
8981839ab23ffff,,,
8981839b5b7ffff,-8.12439194326923,-34.898144404807695,boa viagem
8981838a397ffff,,,
89818383413ffff,,,
8981839a02fffff,-8.1112487,-34.93317635,ibura
8981839a63bffff,-8.127374629658135,-34.908875825356745,boa viagem
89818381677ffff,,,
8981839ab53ffff,-8.05110118,-34.95976725,várzea
89818381027ffff,,,
89818398c07ffff,-8.036697403005537,-34.950403132173655,várzea
89818398d47ffff,,,
8981839a677ffff,-8.126041697144263,-34.90618649239472,boa viagem
8981838a17bffff,,,
89818399cdbffff,-8.034238669929273,-34.87669379057764,campo grande
8981839aa9bffff,,,
8981838a073ffff,,,
8981839a843ffff,-8.072364005059367,-34.95924176910995,curado
898183811cfffff,,,
8981838a2abffff,,,
8981839a44fffff,-8.140169357678522,-34.91992704266789,jordão
8981839ae5bffff,-8.085743947766701,-34.93554154987177,areias
8981839ab1bffff,-8.0526249,-34.9658864,várzea
8981839a6a7ffff,-8.133335893378014,-34.91732630208254,imbiribeira
89818398cd7ffff,-8.045057457556434,-34.944073403018855,iputinga
89818398b17ffff,,,
89818398a87ffff,-8.008898852372246,-34.93245029487302,macaxeira
89818381047ffff,,,
89818398e03ffff,-8.026524784851253,-34.926745767199,casa amarela
89818398677ffff,-8.06754539261037,-34.88460454683898,são josé
8981839aac7ffff,,,
8981838a4b7ffff,,,
8981839124bffff,-8.118688508588427,-34.956300952754326,cohab
89818381073ffff,,,
89818398ba3ffff,,,
8981838104fffff,,,
8981839aa17ffff,,,
89818398ddbffff,-8.033128816931143,-34.95978340321444,várzea
89818398d5bffff,-8.02570943580211,-34.95642547484881,caxangá
8981839b167ffff,-8.087601104301076,-34.88542075268817,pina
89818399da7ffff,-8.013949553203004,-34.91767162064391,vasco da gama
8981839952bffff,,,
89818398d17ffff,,,
8981839a34fffff,-8.0922109,-34.9184339,imbiribeira
8981839a55bffff,-8.133896418588833,-34.93674159267131,jordão
898183834dbffff,,,
89818398867ffff,,,
8981839a29bffff,-8.11832075130735,-34.906407663139284,boa viagem
89818398953ffff,,,
8981839ab0bffff,,,
8981838126fffff,,,
8981839a26bffff,,,
89818398e3bffff,-8.0207805882096,-34.92847799044954,alto do mandu
8981838a47bffff,,,
89818399cc3ffff,-8.032890718483243,-34.879809398191064,campo grande
89818398acfffff,-8.005154820520866,-34.921602883606106,nova descoberta
8981839806fffff,-8.049470041692175,-34.901493012746826,graças
8981839a68fffff,-8.1380766,-34.9099085,boa viagem
8981839a1a7ffff,-8.110354614252755,-34.95964557183963,ibura
898183980abffff,-8.061108211372412,-34.9114366483138,prado
89818398573ffff,-8.06753899599114,-34.92378721746896,san martin
8981839a0c3ffff,,,
898183983cbffff,-8.043138077054303,-34.896472138108514,aflitos
8981839a44bffff,-8.140980588658302,-34.91576033080928,boa viagem
89818398b4bffff,-7.9873567,-34.9337166,guabiraba
898183995a3ffff,-8.06304718843094,-34.87398505352412,bairro do recife
898183811cbffff,,,
8981839a82bffff,,,
898183984c7ffff,,,
89818399537ffff,-8.055508155555556,-34.87249078888888,bairro do recife
8981839a8a7ffff,,,
89818398083ffff,-8.070791721668462,-34.90868164315287,afogados
8981839821bffff,-8.051889250933074,-34.88128034898645,santo amaro
8981839a687ffff,-8.13950366655565,-34.91281592451057,boa viagem
8981839868bffff,,,
89818398b6bffff,,,
89818398ebbffff,-8.02881120911748,-34.932349372009426,iputinga
8981839a877ffff,,,
8981839abd3ffff,,,
8981838a1dbffff,,,
89818398e1bffff,-8.028288391528966,-34.922750675137685,casa amarela
89818381203ffff,,,
89818398a0bffff,-8.001174089123202,-34.92356832463907,nova descoberta
898183991a7ffff,,,
8981839a203ffff,-8.110191674620342,-34.90631670461737,imbiribeira
89818398a2fffff,-7.9904664,-34.9325048,brejo da guabiraba
89818381253ffff,,,
8981839ab0fffff,-8.045285654524424,-34.96901327961028,várzea
8981838a13bffff,,,
89818398e63ffff,-8.0163441,-34.9222831,vasco da gama
8981839845bffff,-8.0860101,-34.8945623,pina
89818399d0fffff,-8.010721102767334,-34.90646059830779,linha do tiro
898183984b7ffff,,,
8981839aedbffff,-8.09418329469209,-34.93883718813909,barro
8981839a0b7ffff,-8.12424269462343,-34.938886298643695,ibura
8981839882bffff,,,
898183986abffff,-8.074098172685053,-34.89055614836334,são josé
898183981dbffff,-8.0571449375,-34.9176647,prado
89818381323ffff,,,
89818398207ffff,-8.04767383074234,-34.88866489965982,santo amaro
898183989cfffff,,,
89818398567ffff,-8.062798416434704,-34.926720850892494,san martin
89818398263ffff,-8.04175855612245,-34.88275308877551,santo amaro
8981839ab07ffff,,,
8981838a627ffff,,,
8981838a407ffff,,,
8981839809bffff,,,
8981839a957ffff,,,
8981838a59bffff,,,
8981838a5c7ffff,,,
8981839a04bffff,-8.118241985139191,-34.91434846415169,imbiribeira
8981838a4afffff,,,
8981838a01bffff,,,
89818398a17ffff,-8.004193636998169,-34.929116788518165,nova descoberta
89818398593ffff,-8.085253097976718,-34.929743902063706,estância
898183813c7ffff,,,
898183985afffff,,,
8981839a6bbffff,-8.136244925899675,-34.91268281708696,boa viagem
8981839886fffff,,,
8981839a15bffff,-8.109595936899533,-34.93597353452051,ibura
89818398b1bffff,-7.9927587,-34.9428617,guabiraba
8981839a537ffff,-8.1278158,-34.956212,cohab
8981839a967ffff,,,
89818398663ffff,-8.065030482211743,-34.881538531618226,santo antônio
89818399da3ffff,-8.014319563266223,-34.91442682197848,alto josé bonifácio
89818381357ffff,,,
8981839998fffff,-7.995559842526644,-34.909380256815815,beberibe
8981839ae63ffff,-8.0763861,-34.9443624,jardim são paulo
8981839a153ffff,-8.11160065,-34.937644155,ibura
89818381353ffff,,,
89818398683ffff,,,
8981838a52bffff,,,
8981838a1afffff,,,
89818398c7bffff,-8.031325134640799,-34.94116996819683,iputinga
8981838a537ffff,,,
8981839830fffff,-8.034036584620305,-34.905731396618656,jaqueira
8981838a5b7ffff,,,
898183989d3ffff,,,
898183985abffff,-8.073590516666666,-34.931467383333334,san martin
89818398a8bffff,-8.0074493,-34.9265383,macaxeira
8981839ab8fffff,,,
8981838a49bffff,,,
8981839a307ffff,-8.095189972083526,-34.92956704400729,areias
8981839a463ffff,,,
8981839a32fffff,-8.08699636966125,-34.932024541586,areias
89818398e0fffff,-8.02117878499811,-34.92524888816776,casa amarela
8981838a0dbffff,,,
89818399523ffff,-8.0542957,-34.8708474,bairro do recife
8981839a137ffff,,,
8981839838bffff,-8.04529556521739,-34.90621949130435,torre
8981838166fffff,,,
8981839a92fffff,,,
8981839803bffff,-8.056249211645731,-34.90894432031308,madalena
89818398377ffff,-8.0311789193866,-34.90504792456795,tamarineira
89818399c67ffff,-8.015682437690684,-34.88429368213737,cajueiro
89818399d63ffff,-8.005462447292269,-34.90167592002558,linha do tiro
8981839a1abffff,,,
898183982cfffff,-8.053491425438798,-34.87923300010163,santo amaro
8981839a637ffff,-8.127756576744186,-34.91554763023256,imbiribeira
8981839a5a3ffff,,,
89818398d93ffff,-8.037256750919775,-34.972265153144406,várzea
8981839a847ffff,,,
8981839ac4fffff,,,
8981839ab57ffff,-8.050722026626248,-34.96103747043314,várzea
898183982b3ffff,-8.055112068065052,-34.89475466267515,boa vista
8981839a32bffff,-8.08857363,-34.92950545,areias
89818398c83ffff,-8.046641038545292,-34.94957954983043,várzea
89818398433ffff,-8.080430605457666,-34.91196872863249,afogados
8981838122bffff,,,
8981838a4b3ffff,,,
89818398e17ffff,-8.027614666683997,-34.928560812606804,monteiro
8981838acd3ffff,,,
8981839aa33ffff,-8.058368275,-34.953421775,cidade universitária
8981838a4cfffff,,,
89818381277ffff,,,
898183812afffff,,,
89818398517ffff,-8.074243704241411,-34.92985265295985,san martin
89818399d17ffff,-8.01560175,-34.907712000000004,alto santa teresinha
89818398603ffff,-8.072571330387802,-34.8844961038807,são josé
89818399c23ffff,-8.019141966271485,-34.89080667467855,água fria
8981839a8bbffff,-8.07659385,-34.972475849999995,curado
8981839a98bffff,,,
8981839860fffff,-8.069131935728755,-34.884151929351006,são josé
8981839b10bffff,-8.095332961111112,-34.883257405555554,boa viagem
898183983c7ffff,-8.042627248259018,-34.90234059868176,graças
89818398277ffff,-8.042167401284312,-34.88486707403359,torreão
8981839a373ffff,-8.091454824502653,-34.924942777648425,estância
89818398653ffff,,,
8981839a54fffff,-8.12748436400721,-34.93852409137096,ibura
8981839a857ffff,,,
8981839ae77ffff,-8.07731242022906,-34.94623810759719,jardim são paulo
8981839aa5bffff,-8.061989495469355,-34.93485965592479,torrões
89818399887ffff,-8.008818878620097,-34.88939042019687,porto da madeira
8981839810bffff,-8.04828037096294,-34.923426904046565,cordeiro
898183813afffff,,,
89818398bafffff,,,
89818398e4bffff,-8.022631225369608,-34.91450702034583,casa amarela
89818398293ffff,-8.061651048209384,-34.88795822376549,boa vista
8981839a3cbffff,,,
89818399c83ffff,-8.034569085534132,-34.88719254535484,encruzilhada
898183836c7ffff,,,
8981839a607ffff,-8.132310301559391,-34.90905378017936,boa viagem
8981838a077ffff,,,
89818398c93ffff,-8.050532920191197,-34.95004766842815,cidade universitária
89818398ea3ffff,,,
8981839a20fffff,-8.1060315,-34.9067812,imbiribeira
8981839ae1bffff,-8.087966037144836,-34.94522227403011,barro
8981839aebbffff,-8.08952052995775,-34.95372991191617,barro
89818399c53ffff,-8.02730954779286,-34.87704777098545,campo grande
8981839828fffff,-8.054826440179095,-34.88826967744742,santo amaro
8981839a007ffff,,,
898183998a3ffff,-8.0047241,-34.89396264285714,beberibe
8981839a0afffff,,,
8981839a3d7ffff,-8.10597499657152,-34.92497057047067,ipsep
89818398cc7ffff,-8.041920600600863,-34.944572109189295,várzea
89818399187ffff,,,
89818398413ffff,-8.087965129253787,-34.90535172728056,imbiribeira
8981838a457ffff,-7.977513549999999,-34.918848025,passarinho
8981839a18fffff,-8.115375675818896,-34.95073176583886,cohab
8981838a12bffff,,,
8981839953bffff,,,
89818399c57ffff,-8.025455749238812,-34.87941614725779,campo grande
89818398547ffff,-8.06983708,-34.92014904,mustardinha
89818383633ffff,-8.033320675723738,-34.99327646519456,várzea
8981839a8c7ffff,,,
89818399cd3ffff,-8.036470477680142,-34.87967856227439,campo grande
8981839aab7ffff,,,
89818398497ffff,-8.09501039,-34.91156426,imbiribeira
8981839a133ffff,-8.105911770038263,-34.952925810676014,barro
8981839ab13ffff,-8.052016000262599,-34.96650937053638,várzea
8981839828bffff,-8.056890657163589,-34.884957980252224,boa vista
89818381317ffff,,,
8981839848bffff,,,
8981839ab7bffff,,,
8981839a0dbffff,,,
8981838a3c3ffff,,,
8981838a193ffff,,,
898183988c3ffff,-8.020126266666667,-34.94050715555555,apipucos
8981839a343ffff,-8.095720872888917,-34.91950504356676,imbiribeira
8981839802bffff,-8.052938006428521,-34.9082011134112,madalena
89818398e8bffff,-8.0324617,-34.92521,poço da panela
8981839a17bffff,,,
898183984cbffff,,,
89818398b83ffff,,,
89818399d07ffff,-8.011055475000001,-34.9076,linha do tiro
89818399ccfffff,-8.028954767026747,-34.878997033889505,campo grande
89818381673ffff,,,
89818398503ffff,-8.07199615747159,-34.92650012688887,san martin
8981838164fffff,,,
89818398a33ffff,-7.99901354674221,-34.932576123888,nova descoberta
89818399cb3ffff,-8.029627972528104,-34.89393010142436,arruda
8981839a313ffff,-8.101915252163142,-34.92775588460888,areias
8981839aa53ffff,-8.06328153826558,-34.937562149271834,torrões
8981839822fffff,-8.039195565468962,-34.89020916363307,encruzilhada
8981839ac7bffff,-8.090936425253455,-34.96274950573285,tejipió
8981839a9abffff,,,
8981839a3a7ffff,-8.09766199777698,-34.93891100835113,areias
898183981b3ffff,-8.054272320912045,-34.93470671100169,cordeiro
8981839a613ffff,-8.13619981918462,-34.90600047618352,boa viagem
898183813d3ffff,,,
8981839aa97ffff,,,
8981839a90bffff,,,
89818398a83ffff,-8.0099894,-34.9279021,macaxeira
8981839ae8bffff,-8.091895820000001,-34.948195240000004,barro
89818399cabffff,-8.026050943269063,-34.891255091217744,arruda
898183834d3ffff,,,
8981838a583ffff,,,
89818399cd7ffff,-8.033593819361425,-34.880989665836545,campo grande
8981839a077ffff,-8.113719493237529,-34.92568901360164,ibura
8981839a1cbffff,-8.113616871529034,-34.93904111553435,ibura
89818399c8bffff,-8.03222741065821,-34.88509249519767,campo grande
8981839a197ffff,-8.1186964,-34.9546956,cohab
8981839a61bffff,-8.134313312932234,-34.90328933063047,boa viagem
8981839b113ffff,-8.10001626514264,-34.88563466423833,boa viagem
8981839894fffff,,,
89818398387ffff,-8.044130848668944,-34.91113084145353,torre
89818398057ffff,-8.061850494610532,-34.899726178399845,paissandu
89818398b53ffff,-7.992387268722887,-34.936784631152555,guabiraba
8981838a3b7ffff,,,
8981838106fffff,,,
8981839aa27ffff,-8.052963047738954,-34.95555887509724,várzea
89818398bc7ffff,,,
8981838a44fffff,-7.972806661153727,-34.91740354728629,passarinho
8981839accfffff,,,
89818398dcfffff,,,
89818398323ffff,-8.030119054545453,-34.9109329,casa amarela
8981839867bffff,-8.06643001845016,-34.879666794827514,santo antônio
8981839830bffff,-8.035842314281,-34.90231356312064,jaqueira
8981839a3afffff,-8.0959584831024,-34.93576013567609,areias
89818398e7bffff,-8.017277489051226,-34.91959237036349,vasco da gama
898183988cfffff,-8.017392385511723,-34.941394202786306,dois irmãos
89818398aa3ffff,-8.004171,-34.93422,macaxeira
8981839a2dbffff,-8.11822229098184,-34.89667012092118,boa viagem
8981839ab47ffff,-8.0471878,-34.9612857,várzea
8981839850fffff,-8.070535796836658,-34.926821353471794,san martin
8981839ae9bffff,,,
8981839856bffff,-8.063361730447216,-34.919853588234425,bongi
89818398607ffff,-8.071580386331616,-34.88843684883792,joana bezerra
89818398c33ffff,-8.032759577777776,-34.952551488888886,caxangá
898183986b3ffff,-8.078394664177141,-34.89395604912357,cabanga
8981838a0afffff,,,
8981839aaabffff,,,
8981838a04fffff,,,
8981839aed3ffff,-8.095118727321365,-34.9418992598204,barro
8981839a297ffff,-8.11981977635614,-34.9127223021795,imbiribeira
8981838a043ffff,,,
89818398e2bffff,-8.017608349618735,-34.928904561439126,nova descoberta
898183816c3ffff,,,
89818398253ffff,-8.050076778327279,-34.875141599886746,santo amaro
89818399d97ffff,-8.02452591783939,-34.911409343181646,casa amarela
8981839a033ffff,,,
8981838a16bffff,,,
898183982d7ffff,-8.058155234840683,-34.88328964370754,boa vista
89818398073ffff,-8.056404393150874,-34.90309610883631,madalena
8981839a273ffff,,,
8981838a4bbffff,,,
89818398d1bffff,,,
8981839ae2fffff,-8.074384792849571,-34.952130684981285,curado
8981838a06bffff,,,
8981839a693ffff,-8.14357255100618,-34.91027331565107,boa viagem
8981838a5cbffff,,,
89818399d1bffff,-8.0146111,-34.9023416,água fria
89818398e6bffff,-8.015344103448276,-34.9198975862069,vasco da gama
898183980b7ffff,-8.065096376470589,-34.91715957058824,bongi
8981839a013ffff,,,
8981839866bffff,-8.062816562439073,-34.87911150622493,santo antônio
8981838a517ffff,,,
8981838164bffff,,,
8981839aa8fffff,,,
8981839852fffff,-8.062213756835972,-34.93138205360376,torrões
89818398127ffff,-8.041490511402008,-34.936304200103926,iputinga
89818398e0bffff,-8.024313887913973,-34.922981731049525,casa amarela
89818398457ffff,,,
8981838a287ffff,,,
89818381237ffff,,,
8981839b12fffff,-8.087011815917835,-34.89093787694216,pina
8981839a047ffff,-8.1176367374432,-34.92239167742909,ipsep
8981839a223ffff,-8.102422404590662,-34.91166677255432,imbiribeira
8981839a2a3ffff,-8.110360275065576,-34.914562109680865,imbiribeira
89818398657ffff,-8.071905894444445,-34.87854635555556,são josé
89818398d9bffff,,,
89818391a6bffff,,,
898183982bbffff,-8.053652561778964,-34.89064813218839,santo amaro
898183985d7ffff,-8.08252304838618,-34.923648281657606,afogados
89818399d73ffff,-8.007531953125733,-34.902567519204034,linha do tiro
8981839811bffff,-8.050489356050699,-34.92297229051322,cordeiro
8981839a6b3ffff,-8.137938012937136,-34.91475364625352,boa viagem
8981838a2afffff,,,
89818398203ffff,,,
8981839a3d3ffff,-8.107544893548633,-34.92154222693331,ipsep
89818398313ffff,-8.041670977041424,-34.90519962263256,torre
8981839a2d3ffff,-8.118680101611314,-34.90070980121774,boa viagem
89818399c7bffff,-8.0185372,-34.880014700000004,campina do barreto
89818398babffff,,,
89818383453ffff,,,
898183991afffff,-8.036099,-34.8715217,campo grande
89818398893ffff,-8.025832458833,-34.95156029686,caxangá
8981839822bffff,-8.04118318128223,-34.888150465563825,espinheiro
8981838a4c3ffff,-7.98477345,-34.91974205,passarinho
8981838a54bffff,,,
8981838104bffff,,,
8981839a647ffff,-8.129572124606412,-34.90089802747265,boa viagem
8981838a07bffff,,,
89818398283ffff,-8.058445209611497,-34.88731241429445,boa vista
8981839a57bffff,-8.1251365,-34.9426563,ibura
898183988b3ffff,,,
898183986cbffff,-8.079554,-34.8762956,brasília teimosa
89818398d0fffff,,,
8981839a387ffff,,,
8981839ae6fffff,-8.073991926156168,-34.944883625258434,curado
898183812bbffff,,,
898183985b3ffff,-8.078463119816293,-34.93439622934427,jardim são paulo
8981839a963ffff,,,
8981839b183ffff,-8.105561784003926,-34.88894271643629,boa viagem
89818399193ffff,,,
89818399533ffff,-8.059443260420561,-34.87081490688497,bairro do recife
8981839800fffff,-8.058416009152463,-34.906366392876706,madalena
8981839aeabffff,-8.086663356844296,-34.95254645139089,tejipió
8981839a567ffff,-8.123960666666667,-34.94854026666666,ibura
8981838a547ffff,,,
8981838a58fffff,,,
898183989cbffff,,,
89818398587ffff,-8.08023383523799,-34.93307709020662,estância
898183995b3ffff,-8.067073758754892,-34.873178315185335,bairro do recife
8981838a523ffff,,,
8981839aeafffff,-8.083280058311045,-34.95763196551619,sancho
89818398a1bffff,-8.00298103182166,-34.92388798897874,nova descoberta
8981839a117ffff,-8.111976170256932,-34.951948425201685,cohab
8981839a37bffff,-8.090489126715733,-34.92133373499455,jiquiá
89818399dcbffff,-8.02019203775287,-34.89577186684034,água fria
8981838a3d7ffff,,,
89818398ccbffff,-8.041917672555652,-34.937429316176015,iputinga
8981838a033ffff,,,
8981838a533ffff,,,
8981839a633ffff,-8.130667866666666,-34.912755833333335,boa viagem
89818383607ffff,-8.0344328,-34.990984,várzea
89818398513ffff,,,
8981839aa37ffff,-8.0560156,-34.9568178,várzea
8981839aa4fffff,-8.056655173064113,-34.9377010523583,torrões
898183988cbffff,-8.01865944,-34.93809738,apipucos
8981839a9dbffff,,,
8981838a44bffff,,,
89818398c0fffff,,,
8981838a0a3ffff,,,
89818398dcbffff,-8.03067047753113,-34.95752664042692,caxangá
8981839a07bffff,-8.11420525882688,-34.921383666613686,ipsep
89818398d8bffff,,,
8981839a937ffff,,,
8981839aa83ffff,,,
8981839a287ffff,-8.115980656196632,-34.913203334083235,imbiribeira
8981839a27bffff,,,
89818381023ffff,,,
898183995a7ffff,-8.061888473855443,-34.876364369920005,santo antônio
89818398e6fffff,-8.014394081646492,-34.92207201316438,vasco da gama
8981839823bffff,-8.04386442860965,-34.88710203028142,derby
8981838a0bbffff,,,
89818398ed7ffff,-8.033697348327081,-34.92232433313372,casa forte
89818399dc7ffff,-8.01883698,-34.90346454,água fria
89818399dd7ffff,-8.022125957404565,-34.902155716961815,bomba do hemetério
898183988afffff,,,
8981839b1b7ffff,,,
89818398543ffff,-8.071378014237922,-34.91763464121317,mustardinha
89818398463ffff,,,
89818398367ffff,-8.026686011562063,-34.90500256610934,tamarineira
89818398ab7ffff,-8.0059441,-34.937433733333336,córrego do jenipapo
898183811dbffff,,,
8981839a96fffff,,,
8981839a33bffff,-8.09161384998214,-34.92953401992343,areias
8981839a823ffff,,,
898183983cfffff,-8.041283220954329,-34.89866547254941,aflitos
898183812cfffff,,,
89818398c2bffff,-8.029745096188659,-34.950760597288976,caxangá
898183985bbffff,-8.076951046839321,-34.93131714792437,jiquiá
8981839880bffff,,,
8981839a8b3ffff,,,
8981839a86bffff,,,
898183836d3ffff,,,
8981839a267ffff,,,
89818398b13ffff,-7.99270181382288,-34.94790365476333,guabiraba
89818398c67ffff,,,
89818398bb3ffff,-7.9959189,-34.9548027,guabiraba
89818398397ffff,-8.047664521478337,-34.91168455952543,torre
8981839a23bffff,-8.103954045454545,-34.910351545454546,imbiribeira
898183834c3ffff,,,
8981839b18fffff,-8.103146381586367,-34.88799307315969,boa viagem
89818398b37ffff,,,
89818398b8fffff,,,
8981839a113ffff,,,
89818381273ffff,,,
8981839b11bffff,,,
8981839ac63ffff,-8.089444702842757,-34.965623499046096,coqueiral
8981839ae53ffff,-8.086860067029686,-34.93783685595744,jardim são paulo
8981838a027ffff,,,
8981838a62fffff,,,
89818398abbffff,-8.005869587417255,-34.93223204254111,macaxeira
898183986afffff,-8.072649311408544,-34.89446532347965,joana bezerra
898183982c7ffff,-8.054738110625475,-34.88085179356926,santo amaro
8981839833bffff,-8.033460192928233,-34.90878834581115,parnamirim
8981839ae0fffff,-8.081524540153806,-34.946493374651496,jardim são paulo
898183813cfffff,,,
8981838a037ffff,,,
89818398527ffff,,,
89818398b67ffff,,,
8981839a807ffff,,,
8981839abc7ffff,,,
898183981afffff,-8.04720490667592,-34.936116342965214,cordeiro
898183985dbffff,-8.081063530510123,-34.91791323860604,afogados
8981839a68bffff,-8.139553694713497,-34.90614930770472,boa viagem
8981839abd7ffff,,,
8981839a097ffff,-8.131442296236282,-34.93407053839812,jordão
8981838a0a7ffff,,,
89818398243ffff,-8.04720970667417,-34.87721296308962,santo amaro
89818398eb7ffff,-8.0290452,-34.9380964,iputinga
898183991b7ffff,-8.042562792307693,-34.87647336153846,santo amaro
8981838a4a3ffff,,,
89818398627ffff,-8.064729503128339,-34.89420013913196,ilha do leite
89818398b97ffff,,,
8981839a22bffff,-8.100560120354675,-34.90957313501823,imbiribeira
8981839888bffff,,,
898183999b7ffff,-7.993036050000001,-34.9165158,dois unidos
898183999bbffff,,,
8981839ab77ffff,,,
898183981c7ffff,-8.05534632387457,-34.92312482886508,cordeiro
8981838a477ffff,,,
8981839aa2fffff,-8.051375453598759,-34.95229317289051,cidade universitária
89818398063ffff,-8.052831900185954,-34.90204770970119,derby
898183984d3ffff,,,
89818381383ffff,,,
89818399527ffff,-8.051338,-34.8721825,bairro do recife
89818398b93ffff,,,
89818398133ffff,-8.04675785,-34.93175778333333,cordeiro
8981839850bffff,-8.072419663636364,-34.92472041818182,san martin
8981839a617ffff,-8.134662607011242,-34.90972808174944,boa viagem
8981839aaa7ffff,,,
8981838a387ffff,,,
8981839820fffff,-8.046390957781414,-34.883778415937805,santo amaro
89818398297ffff,-8.059918033210382,-34.89098096942155,boa vista
89818398853ffff,,,
89818399c37ffff,-8.020152168390068,-34.89343471615464,água fria
89818398823ffff,,,
8981839a323ffff,-8.089693309716202,-34.933833796698245,areias
89818398adbffff,-8.0098784,-34.917662400000005,vasco da gama
89818399d4fffff,-8.00946265545721,-34.89753937706052,água fria
8981839a0d3ffff,,,
89818399d53ffff,-8.016297806544664,-34.89596763976931,água fria
898183980b3ffff,-8.0667581609976,-34.91360026769897,bongi
8981838a4abffff,,,
8981839a94bffff,,,
8981839a22fffff,-8.097799356949203,-34.91225600063034,imbiribeira
89818398097ffff,-8.070716701580832,-34.911770817679724,afogados
8981839999bffff,-7.9997861,-34.9051923,dois unidos
8981839a8d3ffff,-8.082360200537,-34.96192142677809,sancho
8981838a0c3ffff,-7.9620475,-34.9206378,guabiraba
89818381297ffff,,,
8981839a2abffff,-8.109158812367603,-34.91234686995941,imbiribeira
8981839a67bffff,-8.125701712849153,-34.9005334435699,boa viagem
898183982afffff,-8.047517696764503,-34.89419105718795,espinheiro
89818381153ffff,,,
8981838a107ffff,,,
89818398a73ffff,,,
8981839aa4bffff,,,
8981839b127ffff,-8.088379673595002,-34.89438829756476,pina
8981839aec3ffff,-8.092552088976268,-34.942058045426016,barro
89818398ac7ffff,-8.0064799,-34.9222283,vasco da gama
8981839846fffff,,,
89818398e4fffff,-8.021728465911105,-34.91723754192915,casa amarela
89818398e9bffff,-8.0354897,-34.9250748,poço da panela
89818398303ffff,-8.037145101415332,-34.90567283981357,jaqueira
8981839a52bffff,-8.124472792145697,-34.95089231324267,ibura
8981839a3a3ffff,-8.099192457872224,-34.93510057155474,areias
8981839a9afffff,,,
89818399c0bffff,-8.023746187457693,-34.88228658683956,arruda
8981806593bffff,,,
89818399c0fffff,-8.021370660354915,-34.883515023111244,arruda
8981839ae37ffff,,,
898183998bbffff,-8.006240344663764,-34.89067142542089,porto da madeira
89818398c17ffff,-8.0403531,-34.9508157,várzea
89818398b23ffff,,,
89818398cabffff,,,
8981839aba7ffff,,,
8981838a0cfffff,,,
8981839a377ffff,-8.091671563232483,-34.92720848597739,estância
89818398e53ffff,-8.027190108014324,-34.917222877463225,casa amarela
898183986d7ffff,-8.083074894069885,-34.88266966514029,pina
8981838166bffff,,,
8981838a163ffff,,,
8981839a337ffff,-8.091997334615385,-34.93622637115384,areias
89818399dc3ffff,-8.02184915,-34.89988775,bomba do hemetério
89818399d83ffff,-8.022395690143984,-34.90761732601445,alto josé do pinho
8981839a6d7ffff,-8.141079,-34.90436873125,boa viagem
8981839aa07ffff,-8.058755345063794,-34.95057717159579,cidade universitária
8981839a87bffff,,,
8981839a42fffff,-8.135200384467208,-34.93460431665115,jordão
898183836abffff,,,
8981838a597ffff,,,
89818398e93ffff,-8.036291881693817,-34.9292538113174,iputinga
8981838a09bffff,-7.964188063466097,-34.924187014974564,guabiraba
898183981cfffff,-8.05192064590174,-34.92084393879324,cordeiro
8981839a09bffff,,,
89818398177ffff,-8.04231525,-34.9266898,cordeiro
89818398c8fffff,-8.042392944441293,-34.94978721693589,várzea
89818398197ffff,-8.0592138,-34.932273,torrões
8981839a28fffff,-8.11394707669904,-34.90868834555306,imbiribeira
898183983d7ffff,-8.045290255270364,-34.90295493096169,graças
89818398aafffff,-8.0006145,-34.933623,nova descoberta
8981839818bffff,-8.055111287499999,-34.9259366,cordeiro
8981838a013ffff,,,
8981838a11bffff,,,
8981839a423ffff,,,
89818383603ffff,-8.037135102736944,-34.9882581810276,várzea
8981838a1d3ffff,,,
89818398bc3ffff,,,
8981839ae33ffff,-8.081814,-34.9529866,jardim são paulo
89818398cb3ffff,-8.042764221684731,-34.95715360249562,várzea
89818398db3ffff,,,
8981839838fffff,-8.043389893003852,-34.90879104862194,torre
8981839a8d7ffff,,,
898183981bbffff,-8.053346769852045,-34.93173379359646,cordeiro
8981838a057ffff,,,
8981838a5bbffff,,,
8981838a047ffff,,,
8981838a54fffff,,,
8981839a8afffff,,,
89818398417ffff,-8.086950938620529,-34.90824552819735,imbiribeira
8981839a547ffff,,,
8981839a43bffff,-8.140311515613266,-34.929718541442696,jordão
8981838123bffff,,,
89818381657ffff,,,
89818381643ffff,,,
8981838a14bffff,,,
8981839a093ffff,,,
89818398e5bffff,-8.026249929227218,-34.914192097899395,casa amarela
898183983b7ffff,-8.04014584431034,-34.917351728572534,santana
8981839a28bffff,-8.115107195841894,-34.90683709372628,imbiribeira
8981839826fffff,,,
89818398227ffff,-8.042420124582925,-34.894542162818446,espinheiro
89818399db3ffff,-8.019888809222572,-34.91428131657519,morro da conceição
8981839b133ffff,,,
89818398a0fffff,-7.998109243318733,-34.92736932784058,brejo de beberibe
8981839aa43ffff,-8.059302350459275,-34.93834720202992,torrões
89818381647ffff,,,
89818398473ffff,-8.080213608270443,-34.90290202136879,afogados
89818398c6bffff,,,
8981839840fffff,-8.081627265211852,-34.90604294232194,afogados
8981839860bffff,-8.071687799780337,-34.88278983504497,são josé
8981839a243ffff,-8.108587415112202,-34.89733996987198,boa viagem
89818399d87ffff,,,
89818398017ffff,-8.06262190087949,-34.908935820372065,madalena
8981839814bffff,-8.046544513161699,-34.914099789237355,torre
89818383613ffff,,,
8981838125bffff,,,
8981839ab73ffff,,,
89818398c13ffff,-8.041034801160574,-34.94614237624782,várzea
89818398877ffff,,,
8981838103bffff,,,
898183995abffff,-8.06100159225545,-34.87116779982822,bairro do recife
89818398d97ffff,,,
89818398b0fffff,,,
8981839abcfffff,,,
8981839ab6fffff,-8.0373012,-34.9629513,várzea
8981839a0b3ffff,,,
89818398a77ffff,-7.994022860387811,-34.92714721862798,brejo de beberibe
8981839ae27ffff,,,
8981839ad6bffff,,,
8981838102bffff,,,
898183986a3ffff,-8.075212639766256,-34.893273528707354,são josé
8981839a147ffff,,,
89818398b03ffff,,,
8981839a6afffff,-8.132441566666666,-34.91602743333333,boa viagem
8981839b537ffff,-8.115962387643913,-34.89473002203154,boa viagem
8981839846bffff,-8.074461575,-34.900270925,joana bezerra
8981839a477ffff,,,
8981838a46fffff,,,
89818381267ffff,,,
8981839a54bffff,-8.130087292509936,-34.9369505517432,jordão
8981839ae3bffff,-8.0789615,-34.9509394,jardim são paulo
8981838a173ffff,,,
8981838a553ffff,,,
89818398553ffff,-8.07467053388102,-34.91832372139568,mustardinha
8981838a577ffff,,,
8981839a623ffff,-8.126145781165075,-34.91272144306507,imbiribeira
8981838a413ffff,,,
89818398013ffff,-8.065175516722636,-34.90621639971259,ilha do retiro
8981839a9a7ffff,,,
8981839aabbffff,,,
8981839884bffff,-8.010785977350459,-34.93486860169803,macaxeira
898183984afffff,,,
8981839a30bffff,-8.095424128947364,-34.924678997995706,areias
8981838a3dbffff,,,
898183982a7ffff,-8.049712080967375,-34.89662208035069,graças
898183836c3ffff,,,
8981839a107ffff,,,
89818398ab3ffff,-8.0061180734209,-34.93406723672122,córrego do jenipapo
898183834d7ffff,,,
89818399c97ffff,-8.035805046193772,-34.89129538104644,encruzilhada
8981839854bffff,-8.06994095,-34.91507245,afogados
8981839a837ffff,,,
89818398357ffff,-8.037781843569807,-34.89926742874503,aflitos
8981839ab83ffff,,,
8981839a127ffff,,,
8981839a36fffff,-8.0841302,-34.9238357,jiquiá
8981838139bffff,,,
8981839a893ffff,-8.085402,-34.9708759,coqueiral
8981839a19bffff,-8.119096821687556,-34.94728139682136,cohab
8981839abcbffff,-8.053637385039593,-34.95960902185361,várzea
8981839988bffff,-8.009632499999999,-34.885049325,cajueiro
8981838a3c7ffff,,,
8981839832bffff,-8.028808423272512,-34.90903025168998,casa amarela
89818398c4fffff,-8.0321689,-34.9376721,iputinga
89818381207ffff,,,
8981838162fffff,,,
8981839b13bffff,-8.092653949999999,-34.888214500000004,pina
89818399d6fffff,-8.0015262,-34.9023972,dois unidos
8981839a517ffff,-8.134669899693094,-34.95123264149487,ibura
8981838a153ffff,,,
89818398007ffff,-8.05896297357236,-34.908382697838334,madalena
89818398887ffff,,,
898183981b7ffff,-8.052387394553865,-34.93856650500585,cordeiro
8981839a95bffff,,,
89818398b77ffff,,,
89818398563ffff,-8.065513444775881,-34.92353812224885,san martin
8981838a087ffff,,,
898183985c7ffff,-8.078187097276498,-34.922932457538835,mangueira
89818398e57ffff,-8.025733044903333,-34.920367772900704,casa amarela
8981839a5abffff,,,
8981839ac5bffff,,,
8981839a277ffff,,,
8981839a18bffff,-8.1160337,-34.946513249999995,cohab
89818399d67ffff,,,
8981838120bffff,-7.9514945,-34.965172,guabiraba
89818398047ffff,-8.058530652593971,-34.899044544844,derby
8981838a5a3ffff,,,
8981839866fffff,-8.060928349294068,-34.88180930712238,boa vista
898183980cbffff,-8.066338013672533,-34.896302296831045,ilha do leite
8981839a657ffff,-8.133147009157454,-34.901592344863296,boa viagem
8981838a0d3ffff,,,
89818398393ffff,-8.050475889000895,-34.90812371408612,torre
8981839a217ffff,-8.110403594444444,-34.909599972222225,imbiribeira
89818381ed3ffff,,,
89818399d13ffff,-8.01679762,-34.9058929,alto santa teresinha
8981839843bffff,-8.080446387772769,-34.90917198854478,afogados
8981838a1c7ffff,,,
89818398e83ffff,-8.034674266680852,-34.927811274700616,iputinga
8981839836bffff,-8.02749132725407,-34.898619437587804,tamarineira
89818398117ffff,-8.05106335793123,-34.92922553456993,cordeiro
89818399983ffff,,,
89818398257ffff,-8.049960789468448,-34.879308779128586,santo amaro
898183834cbffff,,,
8981839ab93ffff,,,
89818381663ffff,,,
8981839a20bffff,,,
898183988c7ffff,,,
8981838a42bffff,,,
8981839a91bffff,-8.063647820208065,-34.987172714423885,curado
898183984d7ffff,,,
8981838a10bffff,,,
8981839abbbffff,,,
8981839aed7ffff,-8.093436046968362,-34.94412674552267,barro
898183984c3ffff,,,
8981839aeb3ffff,-8.089867621465112,-34.95706666608881,tejipió
8981839ac53ffff,,,
89818398a4bffff,,,
8981839a53bffff,-8.127269658691052,-34.95023217210476,ibura
8981839a603ffff,-8.13287656833887,-34.90649072145288,boa viagem
8981838128bffff,,,
89818399eb7ffff,,,
898183986a7ffff,-8.072940490532602,-34.89697920464693,joana bezerra
898183983bbffff,-8.0414205607417,-34.91059256010579,torre
89818398b9bffff,,,
8981839a907ffff,,,
8981839a92bffff,,,
8981838369bffff,,,
8981838365bffff,-8.036875332665769,-34.977565662117755,várzea
8981838a2bbffff,,,
89818398027ffff,-8.053798925,-34.914829025,madalena
8981839a167ffff,,,
8981839a917ffff,,,
8981838116bffff,,,
89818398a7bffff,,,
89818398647ffff,-8.070812180542266,-34.87872964960178,são josé
8981839a833ffff,,,
8981839a1d7ffff,-8.116275453845251,-34.94377825791149,ibura
89818381393ffff,,,
8981839a057ffff,-8.119948467328507,-34.92025935032115,imbiribeira
898183988d3ffff,,,
8981839a673ffff,-8.128248259911087,-34.90356746689925,boa viagem
8981839a08bffff,,,
89818398373ffff,-8.03188994341473,-34.9028853906567,tamarineira
898183984bbffff,-8.088532233905417,-34.91076601617594,imbiribeira
89818399d8fffff,,,
89818398b27ffff,,,
898183986c3ffff,-8.0817339,-34.8787295,brasília teimosa
898183816d3ffff,,,
89818383617ffff,-8.037814216419484,-34.99145143965597,várzea
8981839858bffff,,,
89818398c23ffff,-8.031837566984876,-34.95366696638486,caxangá
89818398ac3ffff,-8.008685563557473,-34.92043897193637,vasco da gama
8981839aa77ffff,-8.05491335,-34.9461148,engenho do meio
8981839a357ffff,-8.097048385714286,-34.91960834285714,imbiribeira
89818399d9bffff,-8.024725387055192,-34.9057197707546,tamarineira
898183982b7ffff,-8.053356606176925,-34.8973586978373,graças
8981838a097ffff,,,
8981839a66bffff,-8.12332186440304,-34.90039595767227,boa viagem
89818398a6bffff,,,
8981839853bffff,-8.068959602519879,-34.92843041745867,san martin
8981839826bffff,-8.039570560600076,-34.87908606673862,santo amaro
89818398093ffff,-8.073515990363335,-34.90884596490923,afogados
89818381e53ffff,,,
8981839a053ffff,-8.12167213500935,-34.91786540378574,imbiribeira
89818399d2bffff,-8.004863757142857,-34.90853598571429,dois unidos
8981839a6b7ffff,-8.1359405,-34.9167561,boa viagem
89818398147ffff,-8.04640256153846,-34.92052704615384,cordeiro
8981839aea3ffff,-8.08763944604654,-34.95738592668208,sancho
89818399c47ffff,-8.022855925468498,-34.878317954594586,arruda
8981839862fffff,-8.063205475801405,-34.89044143978396,boa vista
8981839a42bffff,-8.1377089,-34.93125,jordão
8981839a383ffff,,,
8981839a47bffff,,,
8981839b523ffff,-8.113913527777777,-34.892104672222224,boa viagem
8981838a15bffff,,,
89818398307ffff,-8.035148113831712,-34.908780864033126,parnamirim
898183984cfffff,,,
8981839887bffff,,,
8981839ae03ffff,,,
8981839a1a3ffff,-8.1118232,-34.9567737,barro
8981839a1c3ffff,-8.116025042693787,-34.94081552400086,ibura
8981839a227ffff,-8.0993094,-34.9153248,imbiribeira
8981838a573ffff,,,
89818398ed3ffff,-8.035708525961867,-34.92019163150403,casa forte
89818398447ffff,,,
8981839a207ffff,-8.108195321722162,-34.909844238036506,imbiribeira
89818399d93ffff,-8.02601920037773,-34.90802697367713,casa amarela
8981838100bffff,,,
89818399987ffff,,,
8981839800bffff,-8.059694555053357,-34.90236819230459,madalena
8981839acd3ffff,-8.1068522371303,-34.962411824805365,barro
89818381397ffff,,,
8981839a96bffff,,,
89818381213ffff,,,
89818398537ffff,,,
8981839a233ffff,-8.105917998215133,-34.91179005083994,imbiribeira
89818399d23ffff,-8.006855177733359,-34.91187426069304,brejo de beberibe
8981839883bffff,,,
89818399ca7ffff,-8.02556940483959,-34.896877649304415,arruda
8981839ac6fffff,-8.0853811,-34.966067550000005,sancho
89818398693ffff,-8.085566170928171,-34.88826470384035,pina
898183813abffff,,,
8981839a00bffff,,,
8981838a6b7ffff,,,
8981838130bffff,,,
89818399893ffff,-8.013245719588333,-34.88899467139173,fundão
89818398843ffff,-8.0118088,-34.937636,apipucos
8981839a9cfffff,-8.0637235,-34.984159,várzea
89818399927ffff,,,
89818398287ffff,-8.056977320136093,-34.890593549000684,boa vista
8981838a5d3ffff,,,
8981838a1b7ffff,,,
89818399d3bffff,-8.0070523,-34.9087462,dois unidos
89818398a67ffff,,,
89818398b63ffff,,,
8981839a50bffff,,,
8981839a93bffff,,,
89818398187ffff,-8.056939390961178,-34.9320339762464,cordeiro
89818398bb7ffff,,,
89818398a47ffff,-7.999677809631899,-34.92059302381417,dois unidos
8981839aa13ffff,,,
89818381243ffff,,,
8981839ab3bffff,,,
8981838a38bffff,,,
8981838a53bffff,,,
8981839b103ffff,-8.097518980189527,-34.88496966541605,boa viagem
8981839ae8fffff,-8.09010519966703,-34.95101215467285,tejipió
89818398c53ffff,-8.040001100419039,-34.93740818237449,iputinga
8981838131bffff,,,
89818398b73ffff,,,
8981839aec7ffff,-8.091204873885157,-34.94425274262887,barro
8981839a947ffff,,,
89818398213ffff,-8.052895574824607,-34.885212203999686,santo amaro
8981838361bffff,-8.037679,-34.9848177,várzea
8981839a557ffff,,,
8981839a3b7ffff,-8.099841325436934,-34.938638200678525,areias
89818398c0bffff,-8.036813231807034,-34.943851740769475,iputinga
8981839aeb7ffff,-8.089344921922653,-34.95865689256881,tejipió
89818381283ffff,,,
898183813d7ffff,,,
8981838a5c3ffff,,,
898183991b3ffff,-8.043175033333332,-34.87290633333333,santo amaro
8981838a1a7ffff,,,
8981839844bffff,,,
8981838a137ffff,,,
8981839ae07ffff,-8.083904166666668,-34.94973448333333,jardim são paulo
8981839a143ffff,,,
8981838a083ffff,,,
8981838a6a7ffff,,,
8981839a11bffff,-8.112484383640702,-34.94448412090297,ibura
89818398493ffff,-8.096401251761693,-34.909940065816976,imbiribeira
89818381263ffff,,,
8981839834bffff,-8.034489757430574,-34.89243663734861,encruzilhada
89818381063ffff,,,
89818398a3bffff,-7.996162150044911,-34.92870826207353,brejo de beberibe
89818398d73ffff,,,
898183984a7ffff,-8.0839472,-34.9174917,afogados
8981839858fffff,,,
8981838a1a3ffff,,,
8981839a52fffff,,,
8981839a60fffff,-8.129222177761132,-34.905778485613354,boa viagem
8981839a88fffff,-8.07934618171701,-34.970214677333054,curado
8981839aa47ffff,-8.057862685714285,-34.941766585714284,engenho do meio
89818398103ffff,-8.049070070748064,-34.925712263486695,cordeiro
8981839b117ffff,-8.09899874,-34.88782866,pina
8981839a123ffff,,,
898183812c7ffff,,,
8981839ab9bffff,,,
89818398837ffff,,,
8981839a2c3ffff,-8.115908093620384,-34.900231247172734,boa viagem
89818398b33ffff,,,
8981839856fffff,-8.06142736658867,-34.92224115885183,prado
8981839a84bffff,,,
89818398807ffff,,,
89818398c5bffff,-8.038126283333334,-34.93507421666666,iputinga
8981838a177ffff,,,
89818381043ffff,,,
8981838106bffff,,,
8981839ab43ffff,-8.048656945094576,-34.95976606167471,várzea
898183981a7ffff,-8.05074335887414,-34.93891044512198,engenho do meio
8981839ae83ffff,-8.094707027901034,-34.94945402983495,barro
89818399c73ffff,-8.020683547313634,-34.882160084562784,campina do barreto
89818398e67ffff,-8.015197858770373,-34.926628452547284,macaxeira
8981839aacbffff,-8.066402916722627,-34.938971938926336,torrões
898183983abffff,-8.037311486064292,-34.910101057566514,parnamirim
8981839aad3ffff,,,
89818398aabffff,-8.000629437976723,-34.93184203691902,nova descoberta
8981838a1cfffff,,,
89818381313ffff,,,
89818381257ffff,,,
8981839a083ffff,,,
8981839ac4bffff,,,
898183981cbffff,-8.054406642857144,-34.9172827,zumbi
898183998b3ffff,-8.005584390983177,-34.89265224958503,beberibe
8981838a2a3ffff,,,
89818398b47ffff,,,
8981838a00fffff,,,
8981838a007ffff,,,
8981838a58bffff,,,
8981839a14bffff,,,
89818398c3bffff,-8.031055253304519,-34.94913444149541,caxangá
89818398003ffff,-8.061584704333034,-34.90634545549452,ilha do retiro
89818398383ffff,-8.046105164237103,-34.90819839897093,torre
8981839816bffff,-8.038779411433184,-34.921056305395176,poço da panela
8981838a51bffff,,,
8981839861bffff,,,
89818383683ffff,,,
8981839aea7ffff,-8.084093900267213,-34.959012464247195,curado
89818399c6fffff,-8.013682306661705,-34.88246548554631,campina do barreto
8981839a5cfffff,-8.13647165,-34.94265265,jordão
8981839ae93ffff,,,
8981838a5a7ffff,,,
8981839818fffff,-8.053905259999999,-34.92861724,cordeiro
8981839a027ffff,-8.110832794016034,-34.93603395605659,ibura
8981838a0b3ffff,,,
898183836cfffff,,,
8981838a46bffff,,,
8981839842fffff,-8.075999091666667,-34.91120896666667,afogados
8981839a83bffff,,,
8981839a04fffff,-8.116513215237928,-34.91788832093407,ipsep
8981839a303ffff,,,
8981839aecbffff,-8.089854713247421,-34.93907539588042,barro
8981838a2b3ffff,,,
8981838a5afffff,,,
89818398113ffff,-8.054206666708394,-34.92622423731246,cordeiro
8981838a5b3ffff,,,
8981839a3dbffff,-8.106372158130632,-34.918058818590495,ipsep
89818398617ffff,-8.075923304151898,-34.88728306942652,cabanga
8981838349bffff,,,
8981839a2a7ffff,-8.110301112501714,-34.91845297050514,ipsep
8981839ab4bffff,-8.047507327137165,-34.9563848121115,várzea
8981838114bffff,,,
8981838135bffff,,,
89818398667ffff,-8.063580726521264,-34.885166187698744,boa vista
8981838a41bffff,-7.978672641252506,-34.92333297656632,passarinho
8981839a64fffff,-8.127210946153847,-34.89806044615385,boa viagem
898183986d3ffff,-8.083455977976218,-34.87991963092011,brasília teimosa
898183999b3ffff,,,
8981839801bffff,-8.063056035151856,-34.90176015258586,ilha do retiro
8981839a237ffff,-8.1048683,-34.9137061,imbiribeira
89818399d77ffff,,,
89818398d53ffff,-8.027682118626196,-34.95814464736957,caxangá
89818398c6fffff,,,
898183991bbffff,-8.04070269326014,-34.87055598531916,santo amaro
89818398347ffff,-8.034780793818198,-34.899098891955425,rosarinho
8981838a4cbffff,,,
89818398b2bffff,,,
89818065967ffff,-8.146564896875,-34.906410034375,boa viagem
898183988a3ffff,-8.014325448660744,-34.95541366880773,sítio dos pintos
89818398d4bffff,-8.0207482,-34.955883,sítio dos pintos
8981839806bffff,-8.051648172723251,-34.89996365127457,graças
89818398cc3ffff,-8.044095895207777,-34.941132827645696,iputinga
8981839ab33ffff,,,
8981839852bffff,-8.065418356016515,-34.9288446533515,san martin
8981838a497ffff,-7.989149333938733,-34.93127522483569,brejo da guabiraba
89818398cb7ffff,-8.04054614,-34.9580507,várzea
8981838368bffff,,,
89818398a23ffff,-7.994940900300333,-34.932729462228764,guabiraba
8981838a473ffff,,,
8981839a81bffff,,,
898183981d3ffff,-8.060515539406401,-34.92132976856975,curado
8981839aa6bffff,-8.051784397709863,-34.940883976235284,engenho do meio
8981838a19bffff,,,
8981839807bffff,-8.055197395117268,-34.89978950265366,derby
8981839aa0bffff,-8.059550580601892,-34.94462386451503,engenho do meio
89818381edbffff,,,
89818398873ffff,,,
89818398583ffff,-8.0830289,-34.9290062,estância
898183988b7ffff,,,
89818398577ffff,-8.066621588049395,-34.92714535606446,san martin
89818398ca3ffff,-8.039557181927142,-34.95617897872924,várzea
8981839a0cfffff,,,
89818399cafffff,-8.025212864640546,-34.89344999000106,arruda
89818398a2bffff,,,
89818398407ffff,-8.083389638561785,-34.90831113408597,afogados
89818381387ffff,,,
898183999a3ffff,-7.991764443717815,-34.914798644147965,dois unidos
89818398a07ffff,-7.999441831027602,-34.92756127128701,nova descoberta
8981839a813ffff,,,
89818398c9bffff,-8.046546275,-34.9469871,cidade universitária
898183983afffff,-8.036740435362898,-34.914188976266765,casa forte
8981839855bffff,-8.073528271428572,-34.91512574285714,mustardinha
89818398943ffff,,,
8981839b177ffff,-8.089913023198323,-34.88521403263992,pina
89818398d7bffff,,,
8981838a393ffff,,,
89818398247ffff,-8.047196895503484,-34.87962643749787,santo amaro
89818381053ffff,,,
8981839854fffff,-8.069156466297907,-34.91762712672695,mustardinha
89818399c87ffff,-8.032826062469672,-34.89120901585003,encruzilhada
8981838a57bffff,,,
89818398a43ffff,-8.0002049,-34.9179228,dois unidos
8981839a46bffff,,,
8981838ac93ffff,,,
8981839a9d7ffff,,,
8981839859bffff,-8.08413317222138,-34.92627460234505,jiquiá
89818399ccbffff,-8.031475028571428,-34.87640964285715,campo grande
89818398673ffff,-8.06898068115627,-34.88228967863643,são josé
89818398dc7ffff,,,
89818398353ffff,-8.038711286829015,-34.8965552098948,aflitos
8981838a4d3ffff,,,
